"0","#| fig-cap: ""This concise visualization illustrates the correlation between life expectancy and GDP per capita across countries in 2005. By comparing these two key indicators on a global scale, insights into the potential relationship between economic prosperity and health outcomes are revealed."""
"0","#| fig-cap-location: margin"
"0",""
"0",""
"0","data_join_2005 <- data_join %>%"
"0","  filter(year == 2005)"
"0",""
"0","p <- ggplot(data_join_2005) +"
"0","  aes(GDPPerCap, LifeExp, colour = country, size = Population, text = country) +"
"0","  geom_point(alpha = 0.6) +"
"0","  facet_wrap(~ year) +"
"0","  labs("
"0","    x = ""GDP Per Capita"","
"0","    y = ""Life Expectancy"","
"0","    title = ""The Relationship of Life Expectancy and GDP Per Capita in 2005"""
"0","  ) +"
"0","  guides(colour = ""none"", size = ""none"") +"
"0","  theme_classic() +"
"0","  theme(text = element_text(family = ""serif""))"
"0","  "
"0","p <- ggplotly(p, tooltip = ""text"")"
"0",""
"0","p"
