"0","#| fig-cap: ""This world map illustrates life expectancy across different countries in 2005. Each country is color-coded according to its life expectancy, with darker blues representing longer life expectancies and lighter red shades indicating shorter ones. This visualization offers insights into global disparities in life expectancy and highlights regional variations in health outcomes."""
"0",""
"0",""
"0","map_world <- map_data(""world"")"
"0",""
"0","data_join_2005 <- data_join %>%"
"0","  filter(year == 2005)"
"0",""
"0","map_data_join_2005 <- full_join(data_join_2005, map_world, by = c(""country"" = ""region""))"
"0",""
"0","ggplot(map_data_join_2005) +"
"0","  aes(x = long, y = lat, group = group, fill = LifeExp) +"
"0","  geom_polygon(color = ""black"") + # Add country borders +"
"0","  scale_fill_gradient(low = ""red"", high = ""blue"", name = ""Life Expectancy"") +"
"0","  labs(title = ""Life Expectancy by Country in 2005"","
"0","       caption = ""Life Expectancy Graph"","
"0","       fill = ""Life Expectancy"") +"
"0","  theme_minimal() +"
"0","  theme(axis.text = element_blank(),"
"0","        axis.title = element_blank(),"
"0","        plot.title = element_text(size = 14, face = ""bold""),"
"0","        plot.caption = element_text(hjust = 0),"
"0","        legend.position = ""bottom"")"
"0",""
