"0","#| fig-cap: ""This interactive bar chart visualizes the average GDP per capita for each country over the entire time period. Upon hovering over a bar, users can zoom in to reveal the corresponding country without the need for explicit labels. This dynamic visualization offers a streamlined way to explore and compare GDP per capita trends across nations."""
"0",""
"0","country_agg <- aggregate(GDPPerCap ~ country, data_join, mean)"
"0",""
"0","country_agg <- country_agg[order(-country_agg$GDPPerCap), ]"
"0",""
"0","horizontal_bar_plot <- ggplot(country_agg, aes(x = GDPPerCap, y = reorder(country, GDPPerCap), text = country)) +"
"0","  geom_bar(stat = ""identity"", fill = ""skyblue"") +"
"0","  labs("
"0","    x = ""Average GDP Per Capita"","
"0","    y = ""Country"","
"0","    title = ""Average GDP Per Capita by Country"""
"0","  ) +"
"0","  theme_classic() +"
"0","  theme("
"0","    text = element_text(family = ""serif""),"
"0","    axis.text.x = element_blank()"
"0","  ) +"
"0","  coord_flip()"
"0",""
"0","horizontal_bar_plot <- ggplotly(horizontal_bar_plot, tooltip = ""text"")"
"0",""
"0","horizontal_bar_plot"
