"0","#| fig-cap: ""This interactive time series graph presents the life expectancy trends of multiple countries from 1960 onwards. The graph allows users to scroll across the ledger to view different countries' movements over time. Additionally, by double-clicking on a specific country, users can isolate and focus on that country's life expectancy trajectory. This visualization offers an engaging exploration of global health dynamics and highlights the diverse experiences of nations in improving life expectancy."""
"0","timeseries_plot_1 <- data_join %>%"
"0","  ggplot() +"
"0","  aes(year, LifeExp, colour = country) +"
"0","  geom_line() +"
"0","  labs("
"0","    x = ""Year"","
"0","    y = ""Life Expectancy"","
"0","    title = ""Time Series Displaying Life Expectancy by Country"","
"0","    colour = ""Country"""
"0","  )"
"0",""
"0","ggplotly(timeseries_plot_1)"
