{"chunk_definitions":[{"row":52,"row_count":1,"visible":true,"expansion_state":0,"options":{"engine":"r","label":"setup","include":false,"dev":"png"},"document_id":"0DFF81A8","chunk_id":"csetup_chunk","chunk_label":"setup"},{"row":80,"row_count":1,"visible":true,"expansion_state":0,"options":{"engine":"r","label":"unnamed-chunk-2","fig.cap":"This world map illustrates life expectancy across different countries in 2005. Each country is color-coded according to its life expectancy, with darker blues representing longer life expectancies and lighter red shades indicating shorter ones. This visualization offers insights into global disparities in life expectancy and highlights regional variations in health outcomes.","dev":"png"},"document_id":"0DFF81A8","chunk_id":"c2qjyfupyuesd","chunk_label":"unnamed-chunk-1"},{"row":99,"row_count":1,"visible":true,"expansion_state":0,"options":{"engine":"r","label":"unnamed-chunk-3","fig.cap":"This interactive time series graph presents the life expectancy trends of multiple countries from 1960 onwards. The graph allows users to scroll across the ledger to view different countries' movements over time. Additionally, by double-clicking on a specific country, users can isolate and focus on that country's life expectancy trajectory. This visualization offers an engaging exploration of global health dynamics and highlights the diverse experiences of nations in improving life expectancy.","dev":"png"},"document_id":"0DFF81A8","chunk_id":"ctw95jttb5ift","chunk_label":"unnamed-chunk-2"},{"row":134,"row_count":1,"visible":true,"expansion_state":0,"options":{"engine":"r","label":"unnamed-chunk-4","fig-cap-location":"margin","fig.cap":"This concise visualization illustrates the correlation between life expectancy and GDP per capita across countries in 2005. By comparing these two key indicators on a global scale, insights into the potential relationship between economic prosperity and health outcomes are revealed.","dev":"png"},"document_id":"0DFF81A8","chunk_id":"cwj84m3d1xpa9","chunk_label":"unnamed-chunk-3"},{"row":164,"row_count":1,"visible":true,"expansion_state":0,"options":{},"document_id":"0DFF81A8","chunk_id":"cc1wb6mguf9c1","chunk_label":"unnamed-chunk-4"}],"doc_write_time":1712672773,"working_dir":null,"default_chunk_options":{}}